CHROM	POS	REF	ALT	QUAL	FILTER
DQ657948.1	78	G	A	20.169	PASS
DQ657948.1	84	G	A	19.244	PASS
DQ657948.1	633	A	C	16.982	PASS
DQ657948.1	4939	T	C	34.616	PASS
DQ657948.1	5685	A	C	35.916	PASS
DQ657948.1	7360	A	C	37.924	PASS
DQ657948.1	8976	T	G	36.809	PASS
DQ657948.1	9251	A	G	30.031	PASS
DQ657948.1	9759	C	T	32.45	PASS
DQ657948.1	11887	T	C	26.203	PASS
DQ657948.1	13257	C	T	36.352	PASS
DQ657948.1	13389	A	G	34.316	PASS
DQ657948.1	13657	C	T	22.27	PASS
DQ657948.1	13923	C	T	32.089	PASS
DQ657948.1	16005	C	T	21.535	PASS
DQ657948.1	16093	T	C	28.504	PASS
DQ657948.1	16310	T	C	29.805	PASS
DQ657948.1	16491	C	T	27.67	PASS
DQ657948.1	16569	C	G	31.302	PASS
DQ657948.1	18035	C	T	28.938	PASS
DQ657948.1	18651	A	C	28.214	PASS
DQ657948.1	18851	A	C	28.206	PASS
DQ657948.1	19111	A	G	31.728	PASS
DQ657948.1	19160	G	T	28.105	PASS
DQ657948.1	20645	G	C	25.529	PASS
DQ657948.1	22084	T	C	31.574	PASS
DQ657948.1	22968	G	T	37.785	PASS
DQ657948.1	23651	C	T	29.347	PASS
DQ657948.1	24058	G	A	33.879	PASS
DQ657948.1	24112	A	G	32.2	PASS
DQ657948.1	27167	T	G	30.242	PASS
DQ657948.1	27761	G	A	35.019	PASS
DQ657948.1	28157	A	C	28.122	PASS
DQ657948.1	28350	A	G	40.937	PASS
DQ657948.1	28471	G	A	41.47	PASS
DQ657948.1	32251	T	C	28.718	PASS
DQ657948.1	33404	C	T	28.073	PASS
DQ657948.1	34693	T	C	35.12	PASS
DQ657948.1	35583	A	G	35.639	PASS
DQ657948.1	36150	A	G	39.446	PASS
DQ657948.1	37443	G	A	36.158	PASS
DQ657948.1	43341	T	C	38.762	PASS
DQ657948.1	43513	G	A	36.055	PASS
DQ657948.1	44825	G	A	33.914	PASS
DQ657948.1	45745	C	T	30.274	PASS
DQ657948.1	46320	A	G	31.29	PASS
DQ657948.1	46414	C	A	29.463	PASS
DQ657948.1	48293	T	C	27.182	PASS
DQ657948.1	49333	A	C	23.209	PASS
DQ657948.1	49342	T	C	19.834	PASS
DQ657948.1	53301	C	T	25.41	PASS
DQ657948.1	53857	C	G	28.299	PASS
DQ657948.1	55399	C	T	31.297	PASS
DQ657948.1	56017	G	A	40.826	PASS
DQ657948.1	58779	A	G	33.605	PASS
DQ657948.1	59663	A	G	32.578	PASS
DQ657948.1	61244	A	G	28.477	PASS
DQ657948.1	63679	G	A	38.469	PASS
DQ657948.1	64162	C	T	23.198	PASS
DQ657948.1	65822	A	G	32.833	PASS
DQ657948.1	66685	T	C	31.395	PASS
DQ657948.1	67616	G	A	35.817	PASS
DQ657948.1	68641	A	G	37.162	PASS
DQ657948.1	68804	C	T	30.387	PASS
DQ657948.1	68897	C	T	25.332	PASS
DQ657948.1	73226	T	C	26.632	PASS
DQ657948.1	75557	G	A	35.997	PASS
DQ657948.1	75925	C	T	29.219	PASS
DQ657948.1	76115	C	G	26.237	PASS
DQ657948.1	76392	A	G	30.224	PASS
DQ657948.1	77842	C	T	30.287	PASS
DQ657948.1	78618	T	C	31.76	PASS
DQ657948.1	81405	T	C	34.849	PASS
DQ657948.1	81788	G	A	37.776	PASS
DQ657948.1	84062	C	A	27.081	PASS
DQ657948.1	84088	C	T	24.798	PASS
DQ657948.1	85011	A	G	37.731	PASS
DQ657948.1	85304	C	T	30.651	PASS
DQ657948.1	85567	A	C	29.922	PASS
DQ657948.1	86721	G	T	28.191	PASS
DQ657948.1	86877	C	T	30.054	PASS
DQ657948.1	88842	C	T	30.752	PASS
DQ657948.1	90973	A	T	29.228	PASS
DQ657948.1	90985	A	T	22.149	PASS
DQ657948.1	91009	T	A	26.686	PASS
DQ657948.1	91057	T	A	24.169	PASS
DQ657948.1	91081	T	A	23.644	PASS
DQ657948.1	92277	G	A	40.957	PASS
DQ657948.1	93255	C	T	27.227	PASS
DQ657948.1	96469	G	A	27.847	PASS
DQ657948.1	98473	C	G	25.947	PASS
DQ657948.1	99745	C	T	28.793	PASS
DQ657948.1	100331	A	G	34.451	PASS
DQ657948.1	101949	C	T	24.176	PASS
DQ657948.1	104198	T	C	31.506	PASS
DQ657948.1	104210	C	T	25.414	PASS
DQ657948.1	104341	G	T	33.681	PASS
DQ657948.1	105849	C	T	28.445	PASS
DQ657948.1	107287	G	A	37.384	PASS
DQ657948.1	110665	A	G	25.739	PASS
DQ657948.1	111448	G	A	34.204	PASS
DQ657948.1	115119	C	T	32.157	PASS
DQ657948.1	115830	A	G	40.507	PASS
DQ657948.1	115838	C	A	32.718	PASS
DQ657948.1	117068	C	G	31.695	PASS
DQ657948.1	118391	T	C	25.794	PASS
DQ657948.1	118677	C	A	33.111	PASS
DQ657948.1	118694	A	C	29.369	PASS
DQ657948.1	119441	G	A	36.244	PASS
DQ657948.1	120010	G	A	31.045	PASS
DQ657948.1	120011	T	C	28.388	PASS
DQ657948.1	120019	G	A	39.787	PASS
DQ657948.1	120022	C	G	20.841	PASS
DQ657948.1	120026	C	T	31.351	PASS
DQ657948.1	120027	T	C	23.934	PASS
DQ657948.1	120031	C	T	30.151	PASS
DQ657948.1	120198	A	G	16.872	PASS
DQ657948.1	120584	A	G	34.026	PASS
DQ657948.1	121735	G	A	18.245	PASS
DQ657948.1	125116	T	C	29.006	PASS
DQ657948.1	126393	C	T	33.184	PASS
DQ657948.1	126827	A	G	38.953	PASS
DQ657948.1	128940	C	T	28.856	PASS
DQ657948.1	130242	A	G	31.046	PASS
DQ657948.1	130316	A	G	29.541	PASS
DQ657948.1	131402	T	G	30.704	PASS
DQ657948.1	132429	C	T	33.76	PASS
DQ657948.1	132891	T	C	29.66	PASS
DQ657948.1	134963	G	A	37.44	PASS
DQ657948.1	135992	G	A	37.421	PASS
DQ657948.1	136838	C	T	24.989	PASS
DQ657948.1	137910	T	C	29.772	PASS
DQ657948.1	138398	G	A	33.509	PASS
DQ657948.1	139563	A	G	33.391	PASS
DQ657948.1	144320	A	G	35.664	PASS
DQ657948.1	145263	A	G	27.409	PASS
DQ657948.1	146092	T	C	26.254	PASS
DQ657948.1	146341	A	G	32.386	PASS
DQ657948.1	146342	G	A	35.961	PASS
DQ657948.1	146710	A	G	27.919	PASS
DQ657948.1	147791	G	A	20.913	PASS
DQ657948.1	147869	G	A	29.93	PASS
DQ657948.1	147953	G	A	36.58	PASS
DQ657948.1	148599	A	G	36.219	PASS
DQ657948.1	148778	C	T	33.995	PASS
DQ657948.1	148894	A	G	36.718	PASS
DQ657948.1	148986	T	C	30.54	PASS
DQ657948.1	149124	A	G	40.364	PASS
DQ657948.1	150142	T	C	27.126	PASS
DQ657948.1	150748	C	T	24.927	PASS
DQ657948.1	152494	G	A	35.837	PASS
DQ657948.1	152615	A	G	32.982	PASS
DQ657948.1	153234	G	A	37.401	PASS
DQ657948.1	153294	G	T	30.51	PASS
DQ657948.1	153862	A	G	31.429	PASS
DQ657948.1	154266	A	G	31.404	PASS
DQ657948.1	154346	C	T	26.64	PASS
DQ657948.1	155359	C	T	25.154	PASS
DQ657948.1	157167	A	G	30.428	PASS
DQ657948.1	157618	T	C	26.493	PASS
DQ657948.1	158074	G	A	37.227	PASS
DQ657948.1	158954	G	C	25.101	PASS
DQ657948.1	159166	G	A	37.222	PASS
DQ657948.1	159671	G	A	36.738	PASS
DQ657948.1	161340	T	C	29.04	PASS
DQ657948.1	161738	C	T	29.05	PASS
DQ657948.1	162597	T	C	26.693	PASS
DQ657948.1	163408	A	G	28.446	PASS
DQ657948.1	163409	G	A	41.384	PASS
DQ657948.1	163719	G	A	36.677	PASS
DQ657948.1	164071	T	G	25.037	PASS
DQ657948.1	164073	C	T	22.117	PASS
DQ657948.1	164080	G	A	26.375	PASS
DQ657948.1	164089	A	G	29.719	PASS
DQ657948.1	164098	A	G	30.14	PASS
DQ657948.1	164113	C	G	27.592	PASS
DQ657948.1	164115	G	A	37.511	PASS
DQ657948.1	164116	G	A	37.916	PASS
DQ657948.1	164122	G	A	34.918	PASS
DQ657948.1	164387	G	A	31.93	PASS
DQ657948.1	166930	A	C	29.84	PASS
DQ657948.1	167250	A	G	29.611	PASS
DQ657948.1	167704	G	A	30.316	PASS
DQ657948.1	167909	G	A	27.21	PASS
DQ657948.1	167910	G	A	32.537	PASS
DQ657948.1	168424	G	A	36.19	PASS
DQ657948.1	170334	T	C	27.212	PASS
DQ657948.1	170887	A	G	37.94	PASS
DQ657948.1	171964	C	T	31.698	PASS
DQ657948.1	172161	A	G	38.148	PASS
DQ657948.1	176887	G	A	34.423	PASS
DQ657948.1	177473	T	C	25.169	PASS
DQ657948.1	178200	A	G	33.594	PASS
DQ657948.1	179126	G	A	34.995	PASS
DQ657948.1	179138	G	A	35.818	PASS
DQ657948.1	180276	A	G	37.873	PASS
DQ657948.1	180552	G	A	33.486	PASS
DQ657948.1	182365	A	G	29.417	PASS
DQ657948.1	182574	A	G	32.624	PASS
DQ657948.1	182952	G	A	37.835	PASS
DQ657948.1	185253	A	G	36.019	PASS
DQ657948.1	186335	T	C	31.505	PASS
DQ657948.1	188078	T	A	25.053	PASS
DQ657948.1	188422	A	C	28.03	PASS
DQ657948.1	188955	T	C	30.956	PASS
DQ657948.1	189170	T	C	28.861	PASS
DQ657948.1	190272	T	C	26.337	PASS
DQ657948.1	191488	T	C	36.386	PASS
DQ657948.1	196392	G	T	28.987	PASS
DQ657948.1	201620	A	G	35.033	PASS
DQ657948.1	202862	A	G	37.574	PASS
DQ657948.1	204742	G	A	37.025	PASS
DQ657948.1	205770	G	A	32.635	PASS
DQ657948.1	206127	G	A	32.309	PASS
DQ657948.1	206887	T	C	39.248	PASS
DQ657948.1	207192	A	T	30.141	PASS
DQ657948.1	209117	A	G	30.698	PASS
DQ657948.1	209490	C	T	21.571	PASS
DQ657948.1	209907	C	T	30.412	PASS
DQ657948.1	210725	C	T	23.423	PASS
DQ657948.1	212374	G	A	37.158	PASS
DQ657948.1	215197	C	A	31.069	PASS
DQ657948.1	217849	T	C	24.897	PASS
DQ657948.1	218111	A	G	35.986	PASS
DQ657948.1	218334	T	C	36.508	PASS
DQ657948.1	218470	A	C	29.392	PASS
DQ657948.1	218572	C	T	27.704	PASS
DQ657948.1	219666	C	T	24.471	PASS
DQ657948.1	219752	T	C	31.427	PASS
DQ657948.1	221391	C	T	30.314	PASS
DQ657948.1	221432	T	C	27.916	PASS
DQ657948.1	221933	G	A	33.954	PASS
DQ657948.1	223248	G	A	33.419	PASS
DQ657948.1	223756	G	A	25.22	PASS
DQ657948.1	224048	T	C	16.375	PASS
DQ657948.1	224098	T	C	19.684	PASS
DQ657948.1	226228	T	C	29.223	PASS
DQ657948.1	227981	T	C	21.571	PASS
DQ657948.1	228067	C	T	18.27	PASS
DQ657948.1	228195	C	T	28.451	PASS
DQ657948.1	228321	C	T	28.952	PASS
DQ657948.1	231197	C	T	20.321	PASS
DQ657948.1	232823	G	A	32.412	PASS
DQ657948.1	233172	C	A	23.67	PASS
DQ657948.1	233219	C	T	23.248	PASS
DQ657948.1	233247	T	C	28.149	PASS
DQ657948.1	233519	C	T	18.24	PASS
DQ657948.1	235258	T	A	25.044	PASS
DQ657948.1	241636	G	A	32.535	PASS
DQ657948.1	242372	A	G	26.783	PASS
DQ657948.1	243181	G	A	34.23	PASS
DQ657948.1	243182	A	G	32.891	PASS
DQ657948.1	243655	C	A	29.046	PASS
DQ657948.1	243916	T	C	26.65	PASS
DQ657948.1	244372	G	A	32.559	PASS
DQ657948.1	246123	C	T	30.125	PASS
DQ657948.1	247652	C	G	26.461	PASS
DQ657948.1	248493	A	G	27.152	PASS
DQ657948.1	248668	A	G	35.921	PASS
DQ657948.1	248841	A	C	22.165	PASS
DQ657948.1	249297	G	A	31.198	PASS
DQ657948.1	251599	G	A	30.786	PASS
DQ657948.1	251601	T	C	35.014	PASS
DQ657948.1	251603	T	C	29.434	PASS
DQ657948.1	251836	C	G	28.285	PASS
DQ657948.1	252398	A	G	29.57	PASS
DQ657948.1	253266	C	T	26.843	PASS
DQ657948.1	254133	G	T	12.256	PASS
DQ657948.1	254532	G	A	40.115	PASS
DQ657948.1	257017	C	T	27.448	PASS
DQ657948.1	258045	C	T	24.258	PASS
DQ657948.1	259157	T	C	29.048	PASS
DQ657948.1	259390	T	C	25.49	PASS
DQ657948.1	259754	A	G	26.706	PASS
DQ657948.1	260228	G	C	29.536	PASS
DQ657948.1	261803	A	C	24.702	PASS
DQ657948.1	262871	G	A	33.811	PASS
DQ657948.1	263768	T	C	21.043	PASS
DQ657948.1	267455	C	T	28.789	PASS
DQ657948.1	267989	T	G	26.418	PASS
DQ657948.1	268748	C	T	26.085	PASS
DQ657948.1	269269	C	T	27.583	PASS
DQ657948.1	270430	T	G	26.523	PASS
DQ657948.1	270472	T	C	28.304	PASS
DQ657948.1	270709	G	T	29.192	PASS
DQ657948.1	270713	C	G	16.702	PASS
DQ657948.1	270714	A	C	17.72	PASS
DQ657948.1	272749	G	A	29.548	PASS
DQ657948.1	272755	G	A	36.072	PASS
DQ657948.1	272761	G	A	41.387	PASS
DQ657948.1	272767	G	A	44.576	PASS
DQ657948.1	272773	G	A	43.371	PASS
DQ657948.1	272791	G	A	41.521	PASS
DQ657948.1	272917	C	T	23.306	PASS
DQ657948.1	273310	A	C	29.425	PASS
DQ657948.1	277616	T	C	26.641	PASS
DQ657948.1	278362	A	C	27.671	PASS
DQ657948.1	280037	A	C	33.353	PASS
DQ657948.1	281313	G	A	39.029	PASS
DQ657948.1	281653	T	G	30.803	PASS
DQ657948.1	281928	A	G	36.47	PASS
DQ657948.1	282436	C	T	31.822	PASS
DQ657948.1	284564	T	C	27.68	PASS
DQ657948.1	285934	C	T	33.71	PASS
DQ657948.1	286066	A	G	39.714	PASS
DQ657948.1	286334	C	T	32.165	PASS
DQ657948.1	288770	T	C	17.374	PASS
DQ657948.1	288987	T	C	34.014	PASS
DQ657948.1	289168	C	T	33.604	PASS
DQ657948.1	289246	C	G	39.857	PASS
DQ657948.1	290559	A	G	42.317	PASS
DQ657948.1	290712	C	T	31.651	PASS
DQ657948.1	291328	A	C	33.102	PASS
DQ657948.1	291528	A	C	34.019	PASS
DQ657948.1	291788	A	G	38.363	PASS
DQ657948.1	291837	G	T	28.387	PASS
DQ657948.1	293098	G	A	36.408	PASS
DQ657948.1	293322	G	C	35.535	PASS
DQ657948.1	294761	T	C	33.189	PASS
